timeStamp,elapsed,label,responseCode,responseMessage,threadName,dataType,success,failureMessage,bytes,sentBytes,grpThreads,allThreads,URL,Latency,IdleTime,Connect
1703003388460,4488,GET MAIN PAGE,200,OK,Thread Group 1-1,text,true,,235186,122,10,10,http://35.223.158.173:30007/,3778,0,146
1703003388722,5730,GET MAIN PAGE,200,OK,Thread Group 1-2,text,true,,235186,122,10,10,http://35.223.158.173:30007/,4768,0,137
1703003389022,6677,GET MAIN PAGE,200,OK,Thread Group 1-3,text,true,,235186,122,10,10,http://35.223.158.173:30007/,5947,0,137
1703003389320,7125,GET MAIN PAGE,200,OK,Thread Group 1-4,text,true,,235186,122,10,10,http://35.223.158.173:30007/,6411,0,138
1703003389622,8827,GET MAIN PAGE,200,OK,Thread Group 1-5,text,true,,235186,122,10,10,http://35.223.158.173:30007/,8086,0,127
1703003389916,12784,GET MAIN PAGE,200,OK,Thread Group 1-6,text,true,,235186,122,10,10,http://35.223.158.173:30007/,12047,0,136
1703003390221,13231,GET MAIN PAGE,200,OK,Thread Group 1-7,text,true,,235186,122,10,10,http://35.223.158.173:30007/,12498,0,227
1703003390518,13682,GET MAIN PAGE,200,OK,Thread Group 1-8,text,true,,235186,122,10,10,http://35.223.158.173:30007/,12977,0,175
1703003390821,15385,GET MAIN PAGE,200,OK,Thread Group 1-9,text,true,,235186,122,10,10,http://35.223.158.173:30007/,14434,0,131
1703003391122,16330,GET MAIN PAGE,200,OK,Thread Group 1-10,text,true,,235186,122,10,10,http://35.223.158.173:30007/,15601,0,127
1703003392952,15313,GET LOGIN PAGE,200,OK,Thread Group 1-1,text,true,,47144,127,10,10,http://35.223.158.173:30007/login,14776,0,242
1703003394453,14997,GET LOGIN PAGE,200,OK,Thread Group 1-2,text,true,,47144,127,10,10,http://35.223.158.173:30007/login,14557,0,241
1703003395700,14998,GET LOGIN PAGE,200,OK,Thread Group 1-3,text,true,,47144,127,10,10,http://35.223.158.173:30007/login,14513,0,135
1703003396446,14752,GET LOGIN PAGE,200,OK,Thread Group 1-4,text,true,,47144,127,10,10,http://35.223.158.173:30007/login,14266,0,247
1703003398450,14747,GET LOGIN PAGE,200,OK,Thread Group 1-5,text,true,,47144,127,10,10,http://35.223.158.173:30007/login,14289,0,246
1703003402706,12493,GET LOGIN PAGE,200,OK,Thread Group 1-6,text,true,,47144,127,10,10,http://35.223.158.173:30007/login,11996,0,139
1703003403453,12247,GET LOGIN PAGE,200,OK,Thread Group 1-7,text,true,,47144,127,10,10,http://35.223.158.173:30007/login,11758,0,135
1703003404201,11997,GET LOGIN PAGE,200,OK,Thread Group 1-8,text,true,,47144,127,10,10,http://35.223.158.173:30007/login,11515,0,247
1703003406207,12242,GET LOGIN PAGE,200,OK,Thread Group 1-9,text,true,,47144,127,10,10,http://35.223.158.173:30007/login,11804,0,242
1703003407454,11994,GET LOGIN PAGE,200,OK,Thread Group 1-10,text,true,,47144,127,10,10,http://35.223.158.173:30007/login,11501,0,242
1703003408266,11691,POST LOGIN,419,unknown status,Thread Group 1-1,text,false,,7323,246,10,10,http://35.223.158.173:30007/login,11691,0,183
1703003409451,11023,POST LOGIN,419,unknown status,Thread Group 1-2,text,false,,7323,246,10,10,http://35.223.158.173:30007/login,11022,0,245
1703003410699,12250,POST LOGIN,419,unknown status,Thread Group 1-3,text,false,,7323,246,10,10,http://35.223.158.173:30007/login,12063,0,250
1703003411199,12264,POST LOGIN,419,unknown status,Thread Group 1-4,text,false,,7323,246,10,10,http://35.223.158.173:30007/login,12264,0,248
1703003413197,12056,POST LOGIN,419,unknown status,Thread Group 1-5,text,false,,7323,246,10,10,http://35.223.158.173:30007/login,12055,0,252
1703003415200,12037,POST LOGIN,419,unknown status,Thread Group 1-6,text,false,,7323,246,10,10,http://35.223.158.173:30007/login,12036,0,246
1703003415701,12029,POST LOGIN,419,unknown status,Thread Group 1-7,text,false,,7323,246,10,10,http://35.223.158.173:30007/login,12029,0,247
1703003416199,12033,POST LOGIN,419,unknown status,Thread Group 1-8,text,false,,7323,246,10,10,http://35.223.158.173:30007/login,12032,0,247
1703003418450,13022,POST LOGIN,419,unknown status,Thread Group 1-9,text,false,,7323,246,10,10,http://35.223.158.173:30007/login,13021,0,248
1703003419449,14760,POST LOGIN,419,unknown status,Thread Group 1-10,text,false,,7323,246,10,10,http://35.223.158.173:30007/login,14759,0,246
1703003419960,15989,GET user/testing,200,OK,Thread Group 1-1,text,true,,64610,134,10,10,http://35.223.158.173:30007/user/testing,15543,0,236
1703003420475,16479,GET user/testing,200,OK,Thread Group 1-2,text,true,,64610,134,10,10,http://35.223.158.173:30007/user/testing,16024,0,225
1703003422950,16250,GET user/testing,200,OK,Thread Group 1-3,text,true,,64610,134,10,10,http://35.223.158.173:30007/user/testing,15759,0,250
1703003423464,16490,GET user/testing,200,OK,Thread Group 1-4,text,true,,64610,134,10,10,http://35.223.158.173:30007/user/testing,16018,0,235
1703003425254,17445,GET user/testing,200,OK,Thread Group 1-5,text,true,,64610,134,10,10,http://35.223.158.173:30007/user/testing,17003,0,193
1703003427237,17215,GET user/testing,200,OK,Thread Group 1-6,text,true,,64610,134,10,10,http://35.223.158.173:30007/user/testing,16754,0,212
1703003427730,17970,GET user/testing,200,OK,Thread Group 1-7,text,true,,64610,134,10,10,http://35.223.158.173:30007/user/testing,17525,0,219
1703003428233,18468,GET user/testing,200,OK,Thread Group 1-8,text,true,,64610,134,10,10,http://35.223.158.173:30007/user/testing,17973,0,217
1703003431475,17726,GET user/testing,200,OK,Thread Group 1-9,text,true,,64610,134,10,10,http://35.223.158.173:30007/user/testing,17253,0,223
1703003434209,17495,GET user/testing,200,OK,Thread Group 1-10,text,true,,64610,134,10,10,http://35.223.158.173:30007/user/testing,17003,0,237
1703003435950,16999,GET MAIN PAGE,200,OK,Thread Group 1-1,text,true,,235186,122,10,10,http://35.223.158.173:30007/,16023,0,248
1703003436954,17000,GET MAIN PAGE,200,OK,Thread Group 1-2,text,true,,235186,122,10,10,http://35.223.158.173:30007/,16011,0,242
1703003439200,16747,GET MAIN PAGE,200,OK,Thread Group 1-3,text,true,,235186,122,10,10,http://35.223.158.173:30007/,16015,0,248
1703003439954,16745,GET MAIN PAGE,200,OK,Thread Group 1-4,text,true,,235186,122,10,10,http://35.223.158.173:30007/,16028,0,243
1703003442700,16052,GET MAIN PAGE,200,OK,Thread Group 1-5,text,true,,235186,122,10,10,http://35.223.158.173:30007/,15511,0,246
1703003444451,15748,GET MAIN PAGE,200,OK,Thread Group 1-6,text,true,,235186,122,10,10,http://35.223.158.173:30007/,15044,0,245
1703003445700,16134,GET MAIN PAGE,200,OK,Thread Group 1-7,text,true,,235186,122,10,10,http://35.223.158.173:30007/,15296,0,249
1703003446701,15751,GET MAIN PAGE,200,OK,Thread Group 1-8,text,true,,235186,122,10,10,http://35.223.158.173:30007/,15045,0,250
1703003449201,16248,GET MAIN PAGE,200,OK,Thread Group 1-9,text,true,,235186,122,10,10,http://35.223.158.173:30007/,15497,0,246
1703003451704,16248,GET MAIN PAGE,200,OK,Thread Group 1-10,text,true,,235186,122,10,10,http://35.223.158.173:30007/,15252,0,242
1703003452950,16000,GET LOGIN PAGE,200,OK,Thread Group 1-1,text,true,,47144,127,10,10,http://35.223.158.173:30007/login,15517,0,254
1703003453955,15745,GET LOGIN PAGE,200,OK,Thread Group 1-2,text,true,,47144,127,10,10,http://35.223.158.173:30007/login,15264,0,255
1703003455948,15253,GET LOGIN PAGE,200,OK,Thread Group 1-3,text,true,,47144,127,10,10,http://35.223.158.173:30007/login,14811,0,129
1703003456700,15254,GET LOGIN PAGE,200,OK,Thread Group 1-4,text,true,,47144,127,10,10,http://35.223.158.173:30007/login,14777,0,251
1703003458753,14947,GET LOGIN PAGE,200,OK,Thread Group 1-5,text,true,,47144,127,10,10,http://35.223.158.173:30007/login,14462,0,126
1703003460202,15500,GET LOGIN PAGE,200,OK,Thread Group 1-6,text,true,,47144,127,10,10,http://35.223.158.173:30007/login,15015,0,247
1703003461834,14367,GET LOGIN PAGE,200,OK,Thread Group 1-7,text,true,,47144,127,10,10,http://35.223.158.173:30007/login,13887,0,136
1703003462452,14250,GET LOGIN PAGE,200,OK,Thread Group 1-8,text,true,,47144,127,10,10,http://35.223.158.173:30007/login,13778,0,243
1703003465450,13752,GET LOGIN PAGE,200,OK,Thread Group 1-9,text,true,,47144,127,10,10,http://35.223.158.173:30007/login,13302,0,246
1703003467953,12504,GET LOGIN PAGE,200,OK,Thread Group 1-10,text,true,,47144,127,10,10,http://35.223.158.173:30007/login,12015,0,244
1703003468950,11770,POST LOGIN,419,unknown status,Thread Group 1-1,text,false,,7323,246,10,10,http://35.223.158.173:30007/login,11770,0,248
1703003469700,11766,POST LOGIN,419,unknown status,Thread Group 1-2,text,false,,7323,246,10,10,http://35.223.158.173:30007/login,11766,0,248
1703003471201,12291,POST LOGIN,419,unknown status,Thread Group 1-3,text,false,,7323,246,10,10,http://35.223.158.173:30007/login,12290,0,248
1703003471953,13020,POST LOGIN,419,unknown status,Thread Group 1-4,text,false,,7323,246,10,10,http://35.223.158.173:30007/login,13020,0,248
1703003473700,12289,POST LOGIN,419,unknown status,Thread Group 1-5,text,false,,7323,246,10,10,http://35.223.158.173:30007/login,12288,0,250
1703003475701,11907,POST LOGIN,419,unknown status,Thread Group 1-6,text,false,,7323,246,10,10,http://35.223.158.173:30007/login,11907,0,251
1703003476201,11803,POST LOGIN,419,unknown status,Thread Group 1-7,text,false,,7323,246,10,10,http://35.223.158.173:30007/login,11803,0,253
1703003476701,11804,POST LOGIN,419,unknown status,Thread Group 1-8,text,false,,7323,246,10,10,http://35.223.158.173:30007/login,11804,0,251
1703003479203,13287,POST LOGIN,419,unknown status,Thread Group 1-9,text,false,,7323,246,10,10,http://35.223.158.173:30007/login,13286,0,247
1703003480457,12555,POST LOGIN,419,unknown status,Thread Group 1-10,text,false,,7323,246,10,10,http://35.223.158.173:30007/login,12555,0,243
1703003480722,13983,GET user/testing,200,OK,Thread Group 1-1,text,true,,64610,134,10,10,http://35.223.158.173:30007/user/testing,13535,0,229
1703003481468,14236,GET user/testing,200,OK,Thread Group 1-2,text,true,,64610,134,10,10,http://35.223.158.173:30007/user/testing,13747,0,233
1703003483493,13715,GET user/testing,200,OK,Thread Group 1-3,text,true,,64610,134,10,10,http://35.223.158.173:30007/user/testing,13271,0,208
1703003484974,13729,GET user/testing,200,OK,Thread Group 1-4,text,true,,64610,134,10,10,http://35.223.158.173:30007/user/testing,13258,0,224
1703003485989,16963,GET user/testing,200,OK,Thread Group 1-5,text,true,,64610,134,10,10,http://35.223.158.173:30007/user/testing,16483,0,210
1703003487609,17097,GET user/testing,200,OK,Thread Group 1-6,text,true,,64610,134,10,10,http://35.223.158.173:30007/user/testing,16630,0,139
1703003488004,17699,GET user/testing,200,OK,Thread Group 1-7,text,true,,64610,134,10,10,http://35.223.158.173:30007/user/testing,17219,0,196
1703003488506,18449,GET user/testing,200,OK,Thread Group 1-8,text,true,,64610,134,10,10,http://35.223.158.173:30007/user/testing,17986,0,196
1703003492494,17710,GET user/testing,200,OK,Thread Group 1-9,text,true,,64610,134,10,10,http://35.223.158.173:30007/user/testing,17243,0,207
1703003493012,19189,GET user/testing,200,OK,Thread Group 1-10,text,true,,64610,134,10,10,http://35.223.158.173:30007/user/testing,18700,0,188
1703003494705,18636,GET MAIN PAGE,200,OK,Thread Group 1-1,text,true,,235186,122,10,10,http://35.223.158.173:30007/,17801,0,245
1703003495704,18249,GET MAIN PAGE,200,OK,Thread Group 1-2,text,true,,235186,122,10,10,http://35.223.158.173:30007/,17551,0,245
1703003497208,18495,GET MAIN PAGE,200,OK,Thread Group 1-3,text,true,,235186,122,10,10,http://35.223.158.173:30007/,17529,0,242
1703003498703,18501,GET MAIN PAGE,200,OK,Thread Group 1-4,text,true,,235186,122,10,10,http://35.223.158.173:30007/,17796,0,247
1703003502953,16387,GET MAIN PAGE,200,OK,Thread Group 1-5,text,true,,235186,122,10,10,http://35.223.158.173:30007/,15552,0,249
1703003504706,16246,GET MAIN PAGE,200,OK,Thread Group 1-6,text,true,,235186,122,10,10,http://35.223.158.173:30007/,15532,0,246
1703003505704,16251,GET MAIN PAGE,200,OK,Thread Group 1-7,text,true,,235186,122,10,10,http://35.223.158.173:30007/,15529,0,249
1703003506955,16247,GET MAIN PAGE,200,OK,Thread Group 1-8,text,true,,235186,122,10,10,http://35.223.158.173:30007/,15532,0,245
1703003510204,16249,GET MAIN PAGE,200,OK,Thread Group 1-9,text,true,,235186,122,10,10,http://35.223.158.173:30007/,15285,0,243
1703003512201,15503,GET MAIN PAGE,200,OK,Thread Group 1-10,text,true,,235186,122,10,10,http://35.223.158.173:30007/,14769,0,250
1703003513340,14612,GET LOGIN PAGE,200,OK,Thread Group 1-1,text,true,,47144,127,10,10,http://35.223.158.173:30007/login,14148,0,127
1703003513954,14498,GET LOGIN PAGE,200,OK,Thread Group 1-2,text,true,,47144,127,10,10,http://35.223.158.173:30007/login,14050,0,248
1703003515704,13997,GET LOGIN PAGE,200,OK,Thread Group 1-3,text,true,,47144,127,10,10,http://35.223.158.173:30007/login,13502,0,246
1703003517205,13748,GET LOGIN PAGE,200,OK,Thread Group 1-4,text,true,,47144,127,10,10,http://35.223.158.173:30007/login,13261,0,246
1703003519340,13358,GET LOGIN PAGE,200,OK,Thread Group 1-5,text,true,,47144,127,10,10,http://35.223.158.173:30007/login,12908,0,134
1703003520955,13996,GET LOGIN PAGE,200,OK,Thread Group 1-6,text,true,,47144,127,10,10,http://35.223.158.173:30007/login,13557,0,246
1703003521956,14996,GET LOGIN PAGE,200,OK,Thread Group 1-7,text,true,,47144,127,10,10,http://35.223.158.173:30007/login,14556,0,245
1703003523203,14501,GET LOGIN PAGE,200,OK,Thread Group 1-8,text,true,,47144,127,10,10,http://35.223.158.173:30007/login,14027,0,246
1703003526454,13746,GET LOGIN PAGE,200,OK,Thread Group 1-9,text,true,,47144,127,10,10,http://35.223.158.173:30007/login,13270,0,245
1703003527704,13997,GET LOGIN PAGE,200,OK,Thread Group 1-10,text,true,,47144,127,10,10,http://35.223.158.173:30007/login,13502,0,245
1703003527953,13755,POST LOGIN,419,unknown status,Thread Group 1-1,text,false,,7323,246,10,10,http://35.223.158.173:30007/login,13754,0,245
1703003528452,13783,POST LOGIN,419,unknown status,Thread Group 1-2,text,false,,7323,246,10,10,http://35.223.158.173:30007/login,13783,0,246
1703003529701,13806,POST LOGIN,419,unknown status,Thread Group 1-3,text,false,,7323,246,10,10,http://35.223.158.173:30007/login,13806,0,249
1703003530952,14004,POST LOGIN,419,unknown status,Thread Group 1-4,text,false,,7323,246,10,10,http://35.223.158.173:30007/login,14003,0,246
1703003532698,14276,POST LOGIN,419,unknown status,Thread Group 1-5,text,false,,7323,246,10,10,http://35.223.158.173:30007/login,14276,0,251
1703003534950,13024,POST LOGIN,419,unknown status,Thread Group 1-6,text,false,,7323,246,10,10,http://35.223.158.173:30007/login,13024,0,249
1703003536951,12530,POST LOGIN,419,unknown status,Thread Group 1-7,text,false,,7323,246,10,10,http://35.223.158.173:30007/login,12530,0,247
1703003537703,12292,POST LOGIN,419,unknown status,Thread Group 1-8,text,false,,7323,246,10,10,http://35.223.158.173:30007/login,12292,0,251
1703003540201,12773,POST LOGIN,419,unknown status,Thread Group 1-9,text,false,,7323,246,10,10,http://35.223.158.173:30007/login,12772,0,246
1703003541701,12749,POST LOGIN,419,unknown status,Thread Group 1-10,text,false,,7323,246,10,10,http://35.223.158.173:30007/login,12560,0,247
1703003541708,13993,GET user/testing,200,OK,Thread Group 1-1,text,true,,64610,134,10,10,http://35.223.158.173:30007/user/testing,13534,0,241
1703003542236,14466,GET user/testing,200,OK,Thread Group 1-2,text,true,,64610,134,10,10,http://35.223.158.173:30007/user/testing,13998,0,214
1703003543508,14998,GET user/testing,200,OK,Thread Group 1-3,text,true,,64610,134,10,10,http://35.223.158.173:30007/user/testing,14455,0,191
1703003544955,14749,GET user/testing,200,OK,Thread Group 1-4,text,true,,64610,134,10,10,http://35.223.158.173:30007/user/testing,14292,0,241
1703003546974,15477,GET user/testing,200,OK,Thread Group 1-5,text,true,,64610,134,10,10,http://35.223.158.173:30007/user/testing,14994,0,225
1703003547974,15981,GET user/testing,200,OK,Thread Group 1-6,text,true,,64610,134,10,10,http://35.223.158.173:30007/user/testing,15496,0,223
1703003549482,15218,GET user/testing,200,OK,Thread Group 1-7,text,true,,64610,134,10,10,http://35.223.158.173:30007/user/testing,14755,0,225
1703003549997,16206,GET user/testing,200,OK,Thread Group 1-8,text,true,,64610,134,10,10,http://35.223.158.173:30007/user/testing,15741,0,203
1703003552975,17728,GET user/testing,200,OK,Thread Group 1-9,text,true,,64610,134,10,10,http://35.223.158.173:30007/user/testing,17264,0,226
1703003554450,19002,GET user/testing,200,OK,Thread Group 1-10,text,true,,64610,134,10,10,http://35.223.158.173:30007/user/testing,18500,0,249
1703003555702,19048,GET MAIN PAGE,200,OK,Thread Group 1-1,text,true,,235185,122,10,10,http://35.223.158.173:30007/,18500,0,248
1703003556702,18751,GET MAIN PAGE,200,OK,Thread Group 1-2,text,true,,235185,122,10,10,http://35.223.158.173:30007/,17935,0,245
1703003558508,19336,GET MAIN PAGE,200,OK,Thread Group 1-3,text,true,,235185,122,10,10,http://35.223.158.173:30007/,18483,0,193
1703003559705,18998,GET MAIN PAGE,200,OK,Thread Group 1-4,text,true,,235185,122,10,10,http://35.223.158.173:30007/,18042,0,243
1703003562452,18250,GET MAIN PAGE,200,OK,Thread Group 1-5,text,true,,235185,122,10,10,http://35.223.158.173:30007/,17499,0,246
1703003563956,18494,GET MAIN PAGE,200,OK,Thread Group 1-6,text,true,,235185,122,10,10,http://35.223.158.173:30007/,17760,0,242
1703003564700,18502,GET MAIN PAGE,200,OK,Thread Group 1-7,text,true,,235185,122,10,10,http://35.223.158.173:30007/,17769,0,250
1703003566203,18383,GET MAIN PAGE,200,OK,Thread Group 1-8,text,true,,235185,122,10,10,http://35.223.158.173:30007/,17541,0,248
1703003570703,15998,GET MAIN PAGE,200,OK,Thread Group 1-9,text,true,,235185,122,10,10,http://35.223.158.173:30007/,15285,0,245
1703003573452,15250,GET MAIN PAGE,200,OK,Thread Group 1-10,text,true,,235185,122,10,10,http://35.223.158.173:30007/,14545,0,248
1703003574750,14450,GET LOGIN PAGE,200,OK,Thread Group 1-1,text,true,,47144,127,10,10,http://35.223.158.173:30007/login,13953,0,204
1703003575453,14248,GET LOGIN PAGE,200,OK,Thread Group 1-2,text,true,,47144,127,10,10,http://35.223.158.173:30007/login,13762,0,246
1703003577845,13855,GET LOGIN PAGE,200,OK,Thread Group 1-3,text,true,,47144,127,10,10,http://35.223.158.173:30007/login,13369,0,134
1703003578704,13496,GET LOGIN PAGE,200,OK,Thread Group 1-4,text,true,,47144,127,10,10,http://35.223.158.173:30007/login,13013,0,246
1703003580707,12992,GET LOGIN PAGE,200,OK,Thread Group 1-5,text,true,,47144,127,10,10,http://35.223.158.173:30007/login,12513,0,241
1703003582451,12249,GET LOGIN PAGE,200,OK,Thread Group 1-6,text,true,,47144,127,10,10,http://35.223.158.173:30007/login,11781,0,138
1703003583202,12748,GET LOGIN PAGE,200,OK,Thread Group 1-7,text,true,,47144,127,10,10,http://35.223.158.173:30007/login,12295,0,248
1703003584587,12114,GET LOGIN PAGE,200,OK,Thread Group 1-8,text,true,,47144,127,10,10,http://35.223.158.173:30007/login,11659,0,134
1703003586702,12749,GET LOGIN PAGE,200,OK,Thread Group 1-9,text,true,,47144,127,10,10,http://35.223.158.173:30007/login,12292,0,248
1703003588703,11999,GET LOGIN PAGE,200,OK,Thread Group 1-10,text,true,,47144,127,10,10,http://35.223.158.173:30007/login,11537,0,249
1703003589200,12283,POST LOGIN,419,unknown status,Thread Group 1-1,text,false,,7323,246,10,10,http://35.223.158.173:30007/login,12281,0,249
1703003589701,14288,POST LOGIN,419,unknown status,Thread Group 1-2,text,false,,7323,246,10,10,http://35.223.158.173:30007/login,14288,0,249
1703003591699,13298,POST LOGIN,419,unknown status,Thread Group 1-3,text,false,,7323,246,10,10,http://35.223.158.173:30007/login,13297,0,252
1703003592201,14538,POST LOGIN,419,unknown status,Thread Group 1-4,text,false,,7323,246,10,10,http://35.223.158.173:30007/login,14536,0,246
1703003593700,14266,POST LOGIN,419,unknown status,Thread Group 1-5,text,false,,7323,246,10,10,http://35.223.158.173:30007/login,14265,0,249
1703003594701,14540,POST LOGIN,419,unknown status,Thread Group 1-6,text,false,,7323,246,10,10,http://35.223.158.173:30007/login,14540,0,250
1703003595951,14552,POST LOGIN,419,unknown status,Thread Group 1-7,text,false,,7323,246,10,10,http://35.223.158.173:30007/login,14551,0,249
1703003596701,14548,POST LOGIN,419,unknown status,Thread Group 1-8,text,false,,7323,246,10,10,http://35.223.158.173:30007/login,14548,0,247
1703003599452,15513,POST LOGIN,419,unknown status,Thread Group 1-9,text,false,,7323,246,10,10,http://35.223.158.173:30007/login,15512,0,246
1703003600702,14766,POST LOGIN,419,unknown status,Thread Group 1-10,text,false,,7323,246,10,10,http://35.223.158.173:30007/login,14765,0,246
1703003601484,15217,GET user/testing,200,OK,Thread Group 1-1,text,true,,64610,134,10,10,http://35.223.158.173:30007/user/testing,14755,0,215
1703003603990,14711,GET user/testing,200,OK,Thread Group 1-2,text,true,,64610,134,10,10,http://35.223.158.173:30007/user/testing,14250,0,209
1703003604997,14454,GET user/testing,200,OK,Thread Group 1-3,text,true,,64610,134,10,10,http://35.223.158.173:30007/user/testing,14003,0,201
1703003606740,15213,GET user/testing,200,OK,Thread Group 1-4,text,true,,64610,134,10,10,http://35.223.158.173:30007/user/testing,14720,0,211
1703003607967,15486,GET user/testing,200,OK,Thread Group 1-5,text,true,,64610,134,10,10,http://35.223.158.173:30007/user/testing,15021,0,232
1703003609241,15711,GET user/testing,200,OK,Thread Group 1-6,text,true,,64610,134,10,10,http://35.223.158.173:30007/user/testing,15256,0,208
1703003610510,15442,GET user/testing,200,OK,Thread Group 1-7,text,true,,64610,134,10,10,http://35.223.158.173:30007/user/testing,14945,0,191
1703003611251,16200,GET user/testing,200,OK,Thread Group 1-8,text,true,,64610,134,10,10,http://35.223.158.173:30007/user/testing,15730,0,197
1703003614965,16488,GET user/testing,200,OK,Thread Group 1-9,text,true,,64610,134,10,10,http://35.223.158.173:30007/user/testing,16016,0,236
1703003615469,16731,GET user/testing,200,OK,Thread Group 1-10,text,true,,64610,134,10,10,http://35.223.158.173:30007/user/testing,16268,0,230
1703003616702,16755,GET MAIN PAGE,200,OK,Thread Group 1-1,text,true,,235185,122,10,10,http://35.223.158.173:30007/,16027,0,246
1703003618701,16499,GET MAIN PAGE,200,OK,Thread Group 1-2,text,true,,235185,122,10,10,http://35.223.158.173:30007/,15536,0,246
1703003619450,18749,GET MAIN PAGE,200,OK,Thread Group 1-3,text,true,,235185,122,10,10,http://35.223.158.173:30007/,18008,0,248
1703003621953,17564,GET MAIN PAGE,200,OK,Thread Group 1-4,text,true,,235185,122,10,10,http://35.223.158.173:30007/,17020,0,244
1703003623452,17500,GET MAIN PAGE,200,OK,Thread Group 1-5,text,true,,235185,122,10,10,http://35.223.158.173:30007/,16788,0,244
1703003624951,18002,GET MAIN PAGE,200,OK,Thread Group 1-6,text,true,,235185,122,10,10,http://35.223.158.173:30007/,17259,0,247
1703003625952,18003,GET MAIN PAGE,200,OK,Thread Group 1-7,text,true,,235185,122,10,10,http://35.223.158.173:30007/,17008,0,252
1703003627451,17751,GET MAIN PAGE,200,OK,Thread Group 1-8,text,true,,235185,122,10,10,http://35.223.158.173:30007/,16999,0,247
1703003631453,16885,GET MAIN PAGE,200,OK,Thread Group 1-9,text,true,,235185,122,10,10,http://35.223.158.173:30007/,16262,0,244
1703003632200,16752,GET MAIN PAGE,200,OK,Thread Group 1-10,text,true,,235185,122,10,10,http://35.223.158.173:30007/,16032,0,249
1703003633456,15994,GET LOGIN PAGE,200,OK,Thread Group 1-1,text,true,,47144,127,10,10,http://35.223.158.173:30007/login,15504,0,243
1703003635201,15252,GET LOGIN PAGE,200,OK,Thread Group 1-2,text,true,,47144,127,10,10,http://35.223.158.173:30007/login,14766,0,250
1703003638199,13751,GET LOGIN PAGE,200,OK,Thread Group 1-3,text,true,,47144,127,10,10,http://35.223.158.173:30007/login,13279,0,251
1703003639516,13433,GET LOGIN PAGE,200,OK,Thread Group 1-4,text,true,,47144,127,10,10,http://35.223.158.173:30007/login,12971,0,182
1703003640953,13000,GET LOGIN PAGE,200,OK,Thread Group 1-5,text,true,,47144,127,10,10,http://35.223.158.173:30007/login,12539,0,247
1703003642952,11998,GET LOGIN PAGE,200,OK,Thread Group 1-6,text,true,,47144,127,10,10,http://35.223.158.173:30007/login,11538,0,245
1703003643954,12494,GET LOGIN PAGE,200,OK,Thread Group 1-7,text,true,,47144,127,10,10,http://35.223.158.173:30007/login,11998,0,244
1703003645201,11752,GET LOGIN PAGE,200,OK,Thread Group 1-8,text,true,,47144,127,10,10,http://35.223.158.173:30007/login,11267,0,137
1703003648337,11863,GET LOGIN PAGE,200,OK,Thread Group 1-9,text,true,,47144,127,10,10,http://35.223.158.173:30007/login,11394,0,126
1703003648951,11747,GET LOGIN PAGE,200,OK,Thread Group 1-10,text,true,,47144,127,10,10,http://35.223.158.173:30007/login,11296,0,247
1703003649449,11766,POST LOGIN,419,unknown status,Thread Group 1-1,text,false,,7323,246,10,10,http://35.223.158.173:30007/login,11764,0,249
1703003650453,12266,POST LOGIN,419,unknown status,Thread Group 1-2,text,false,,7323,246,10,10,http://35.223.158.173:30007/login,12265,0,245
1703003651949,11771,POST LOGIN,419,unknown status,Thread Group 1-3,text,false,,7323,246,10,10,http://35.223.158.173:30007/login,11770,0,249
1703003652950,12058,POST LOGIN,419,unknown status,Thread Group 1-4,text,false,,7323,246,10,10,http://35.223.158.173:30007/login,12058,0,251
1703003653954,12254,POST LOGIN,419,unknown status,Thread Group 1-5,text,false,,7323,246,10,10,http://35.223.158.173:30007/login,12253,0,244
1703003654951,12276,POST LOGIN,419,unknown status,Thread Group 1-6,text,false,,7323,246,10,10,http://35.223.158.173:30007/login,12276,0,252
1703003656450,13786,POST LOGIN,419,unknown status,Thread Group 1-7,text,false,,7323,246,10,10,http://35.223.158.173:30007/login,13783,0,251
1703003656954,14754,POST LOGIN,419,unknown status,Thread Group 1-8,text,false,,7323,246,10,10,http://35.223.158.173:30007/login,14753,0,244
1703003660201,15046,POST LOGIN,419,unknown status,Thread Group 1-9,text,false,,7323,246,10,10,http://35.223.158.173:30007/login,15046,0,247
1703003660699,15056,POST LOGIN,419,unknown status,Thread Group 1-10,text,false,,7323,246,10,10,http://35.223.158.173:30007/login,15055,0,248
1703003661215,15987,GET user/testing,200,OK,Thread Group 1-1,text,true,,64610,134,10,10,http://35.223.158.173:30007/user/testing,15511,0,233
1703003662719,15232,GET user/testing,200,OK,Thread Group 1-2,text,true,,64610,134,10,10,http://35.223.158.173:30007/user/testing,14785,0,229
1703003663720,16230,GET user/testing,200,OK,Thread Group 1-3,text,true,,64610,134,10,10,http://35.223.158.173:30007/user/testing,15731,0,231
1703003665008,16442,GET user/testing,200,OK,Thread Group 1-4,text,true,,64610,134,10,10,http://35.223.158.173:30007/user/testing,15983,0,191
1703003666208,17743,GET user/testing,200,OK,Thread Group 1-5,text,true,,64610,134,10,10,http://35.223.158.173:30007/user/testing,17272,0,241
1703003667227,18226,GET user/testing,200,OK,Thread Group 1-6,text,true,,64610,134,10,10,http://35.223.158.173:30007/user/testing,17779,0,222
1703003670237,16714,GET user/testing,200,OK,Thread Group 1-7,text,true,,64610,134,10,10,http://35.223.158.173:30007/user/testing,16232,0,212
1703003671707,16243,GET user/testing,200,OK,Thread Group 1-8,text,true,,64610,134,10,10,http://35.223.158.173:30007/user/testing,15755,0,243
1703003675248,16204,GET user/testing,200,OK,Thread Group 1-9,text,true,,64610,134,10,10,http://35.223.158.173:30007/user/testing,15753,0,199
1703003675756,17447,GET user/testing,200,OK,Thread Group 1-10,text,true,,64610,134,10,10,http://35.223.158.173:30007/user/testing,16992,0,195
1703003677203,16787,GET MAIN PAGE,200,OK,Thread Group 1-1,text,true,,235185,122,10,10,http://35.223.158.173:30007/,16285,0,245
1703003677952,16751,GET MAIN PAGE,200,OK,Thread Group 1-2,text,true,,235185,122,10,10,http://35.223.158.173:30007/,16050,0,247
1703003679950,17004,GET MAIN PAGE,200,OK,Thread Group 1-3,text,true,,235185,122,10,10,http://35.223.158.173:30007/,16279,0,251
1703003681450,16506,GET MAIN PAGE,200,OK,Thread Group 1-4,text,true,,235185,122,10,10,http://35.223.158.173:30007/,15558,0,247
1703003683952,15893,GET MAIN PAGE,200,OK,Thread Group 1-5,text,true,,235185,122,10,10,http://35.223.158.173:30007/,15295,0,247
1703003685453,16250,GET MAIN PAGE,200,OK,Thread Group 1-6,text,true,,235185,122,10,10,http://35.223.158.173:30007/,15534,0,245
1703003686951,16752,GET MAIN PAGE,200,OK,Thread Group 1-7,text,true,,235185,122,10,10,http://35.223.158.173:30007/,15780,0,248
1703003687951,17250,GET MAIN PAGE,200,OK,Thread Group 1-8,text,true,,235185,122,10,10,http://35.223.158.173:30007/,16306,0,245
1703003691453,16751,GET MAIN PAGE,200,OK,Thread Group 1-9,text,true,,235185,122,10,10,http://35.223.158.173:30007/,16019,0,243
1703003693203,16250,GET MAIN PAGE,200,OK,Thread Group 1-10,text,true,,235185,122,10,10,http://35.223.158.173:30007/,15561,0,245
1703003693991,16211,GET LOGIN PAGE,200,OK,Thread Group 1-1,text,true,,47144,127,10,10,http://35.223.158.173:30007/login,15711,0,215
1703003694703,16000,GET LOGIN PAGE,200,OK,Thread Group 1-2,text,true,,47144,127,10,10,http://35.223.158.173:30007/login,15504,0,248
1703003696954,15746,GET LOGIN PAGE,200,OK,Thread Group 1-3,text,true,,47144,127,10,10,http://35.223.158.173:30007/login,15297,0,246
1703003697956,15246,GET LOGIN PAGE,200,OK,Thread Group 1-4,text,true,,47144,127,10,10,http://35.223.158.173:30007/login,14801,0,244
1703003699844,15105,GET LOGIN PAGE,200,OK,Thread Group 1-5,text,true,,47144,127,10,10,http://35.223.158.173:30007/login,14618,0,137
1703003701704,14995,GET LOGIN PAGE,200,OK,Thread Group 1-6,text,true,,47144,127,10,10,http://35.223.158.173:30007/login,14547,0,244
1703003703702,13503,GET LOGIN PAGE,200,OK,Thread Group 1-7,text,true,,47144,127,10,10,http://35.223.158.173:30007/login,13056,0,248
1703003705201,12757,GET LOGIN PAGE,200,OK,Thread Group 1-8,text,true,,47144,127,10,10,http://35.223.158.173:30007/login,12256,0,248
1703003708204,12495,GET LOGIN PAGE,200,OK,Thread Group 1-9,text,true,,47144,127,10,10,http://35.223.158.173:30007/login,12007,0,247
1703003709453,12497,GET LOGIN PAGE,200,OK,Thread Group 1-10,text,true,,47144,127,10,10,http://35.223.158.173:30007/login,12055,0,248
1703003710202,12035,POST LOGIN,419,unknown status,Thread Group 1-1,text,false,,7323,246,10,10,http://35.223.158.173:30007/login,12034,0,248
1703003710702,14257,POST LOGIN,419,unknown status,Thread Group 1-2,text,false,,7323,246,10,10,http://35.223.158.173:30007/login,14254,0,245
1703003712700,17503,POST LOGIN,419,unknown status,Thread Group 1-3,text,false,,7323,246,10,10,http://35.223.158.173:30007/login,17309,0,253
1703003713201,19297,POST LOGIN,419,unknown status,Thread Group 1-4,text,false,,7323,246,10,10,http://35.223.158.173:30007/login,19297,0,249
1703003714949,19549,POST LOGIN,419,unknown status,Thread Group 1-5,text,false,,7323,246,10,10,http://35.223.158.173:30007/login,19549,0,250
1703003716700,21016,POST LOGIN,419,unknown status,Thread Group 1-6,text,false,,7323,246,10,10,http://35.223.158.173:30007/login,21015,0,253
1703003717205,21518,POST LOGIN,419,unknown status,Thread Group 1-7,text,false,,7323,246,10,10,http://35.223.158.173:30007/login,21517,0,245
1703003717958,21303,POST LOGIN,419,unknown status,Thread Group 1-8,text,false,,7323,246,10,10,http://35.223.158.173:30007/login,21302,0,241
1703003720700,21761,POST LOGIN,419,unknown status,Thread Group 1-9,text,false,,7323,246,10,10,http://35.223.158.173:30007/login,21760,0,250
1703003721950,21765,POST LOGIN,419,unknown status,Thread Group 1-10,text,false,,7323,246,10,10,http://35.223.158.173:30007/login,21765,0,249
1703003722238,22713,GET user/testing,200,OK,Thread Group 1-1,text,true,,64610,134,10,10,http://35.223.158.173:30007/user/testing,22250,0,210
1703003724959,21743,GET user/testing,200,OK,Thread Group 1-2,text,true,,64610,134,10,10,http://35.223.158.173:30007/user/testing,21261,0,243
1703003730205,17750,GET user/testing,200,OK,Thread Group 1-3,text,true,,64610,134,10,10,http://35.223.158.173:30007/user/testing,17283,0,244
1703003732499,16452,GET user/testing,200,OK,Thread Group 1-4,text,true,,64610,134,10,10,http://35.223.158.173:30007/user/testing,15997,0,200
1703003734499,17455,GET user/testing,200,OK,Thread Group 1-5,text,true,,64610,134,10,10,http://35.223.158.173:30007/user/testing,16987,0,200
1703003737717,16734,GET user/testing,200,OK,Thread Group 1-6,text,true,,64610,134,10,10,http://35.223.158.173:30007/user/testing,16247,0,231
1703003739260,15946,GET user/testing,200,OK,Thread Group 1-8,text,true,,64610,134,10,10,http://35.223.158.173:30007/user/testing,15467,0,188
1703003738722,17478,GET user/testing,200,OK,Thread Group 1-7,text,true,,64610,134,10,10,http://35.223.158.173:30007/user/testing,16980,0,1227
1703003742461,16240,GET user/testing,200,OK,Thread Group 1-9,text,true,,64610,134,10,10,http://35.223.158.173:30007/user/testing,15742,0,239
1703003743714,16238,GET user/testing,200,OK,Thread Group 1-10,text,true,,64610,134,10,10,http://35.223.158.173:30007/user/testing,15767,0,232
1703003744950,17252,GET MAIN PAGE,200,OK,Thread Group 1-1,text,true,,235185,122,10,10,http://35.223.158.173:30007/,16528,0,248
1703003746702,18000,GET MAIN PAGE,200,OK,Thread Group 1-2,text,true,,235185,122,10,10,http://35.223.158.173:30007/,17052,0,247
1703003747954,17496,GET MAIN PAGE,200,OK,Thread Group 1-3,text,true,,235185,122,10,10,http://35.223.158.173:30007/,16746,0,247
1703003748952,17250,GET MAIN PAGE,200,OK,Thread Group 1-4,text,true,,235185,122,10,10,http://35.223.158.173:30007/,16514,0,249
1703003751954,16375,GET MAIN PAGE,200,OK,Thread Group 1-5,text,true,,235185,122,10,10,http://35.223.158.173:30007/,15556,0,245
1703003754452,16750,GET MAIN PAGE,200,OK,Thread Group 1-6,text,true,,235185,122,10,10,http://35.223.158.173:30007/,15748,0,245
1703003755207,17992,GET MAIN PAGE,200,OK,Thread Group 1-8,text,true,,235185,122,10,10,http://35.223.158.173:30007/,17245,0,243
1703003756202,17753,GET MAIN PAGE,200,OK,Thread Group 1-7,text,true,,235185,122,10,10,http://35.223.158.173:30007/,17047,0,246
1703003758702,17503,GET MAIN PAGE,200,OK,Thread Group 1-9,text,true,,235185,122,10,10,http://35.223.158.173:30007/,16786,0,252
1703003759953,17749,GET MAIN PAGE,200,OK,Thread Group 1-10,text,true,,235185,122,10,10,http://35.223.158.173:30007/,16804,0,247
1703003762205,16245,GET LOGIN PAGE,200,OK,Thread Group 1-1,text,true,,47144,127,10,10,http://35.223.158.173:30007/login,15758,0,242
1703003764703,15745,GET LOGIN PAGE,200,OK,Thread Group 1-2,text,true,,47144,127,10,10,http://35.223.158.173:30007/login,15282,0,124
1703003765450,15499,GET LOGIN PAGE,200,OK,Thread Group 1-3,text,true,,47144,127,10,10,http://35.223.158.173:30007/login,15065,0,137
1703003766201,15750,GET LOGIN PAGE,200,OK,Thread Group 1-4,text,true,,47144,127,10,10,http://35.223.158.173:30007/login,15276,0,128
1703003768329,15619,GET LOGIN PAGE,200,OK,Thread Group 1-5,text,true,,47144,127,10,10,http://35.223.158.173:30007/login,15143,0,136
1703003771203,14498,GET LOGIN PAGE,200,OK,Thread Group 1-6,text,true,,47144,127,10,10,http://35.223.158.173:30007/login,14057,0,245
1703003773199,13251,GET LOGIN PAGE,200,OK,Thread Group 1-8,text,true,,47144,127,10,10,http://35.223.158.173:30007/login,12777,0,137
1703003773954,12997,GET LOGIN PAGE,200,OK,Thread Group 1-7,text,true,,47144,127,10,10,http://35.223.158.173:30007/login,12553,0,243
1703003776205,13494,GET LOGIN PAGE,200,OK,Thread Group 1-9,text,true,,47144,127,10,10,http://35.223.158.173:30007/login,13055,0,244
1703003777703,12748,GET LOGIN PAGE,200,OK,Thread Group 1-10,text,true,,47144,127,10,10,http://35.223.158.173:30007/login,12259,0,245
1703003778451,12553,POST LOGIN,419,unknown status,Thread Group 1-1,text,false,,7323,246,10,10,http://35.223.158.173:30007/login,12553,0,255
1703003780449,12802,POST LOGIN,419,unknown status,Thread Group 1-2,text,false,,7323,246,10,10,http://35.223.158.173:30007/login,12801,0,248
1703003780949,13015,POST LOGIN,419,unknown status,Thread Group 1-3,text,false,,7323,246,10,10,http://35.223.158.173:30007/login,13015,0,248
1703003781952,12522,POST LOGIN,419,unknown status,Thread Group 1-4,text,false,,7323,246,10,10,http://35.223.158.173:30007/login,12521,0,246
1703003783949,12528,POST LOGIN,419,unknown status,Thread Group 1-5,text,false,,7323,246,10,10,http://35.223.158.173:30007/login,12527,0,251
1703003785701,12557,POST LOGIN,419,unknown status,Thread Group 1-6,text,false,,7323,246,10,10,http://35.223.158.173:30007/login,12557,0,247
1703003786451,12297,POST LOGIN,419,unknown status,Thread Group 1-8,text,false,,7323,246,10,10,http://35.223.158.173:30007/login,12297,0,247
1703003786952,12501,POST LOGIN,419,unknown status,Thread Group 1-7,text,false,,7323,246,10,10,http://35.223.158.173:30007/login,12501,0,249
1703003789698,12762,POST LOGIN,419,unknown status,Thread Group 1-9,text,false,,7323,246,10,10,http://35.223.158.173:30007/login,12762,0,248
1703003790453,14279,POST LOGIN,419,unknown status,Thread Group 1-10,text,false,,7323,246,10,10,http://35.223.158.173:30007/login,14279,0,244
1703003791004,15696,GET user/testing,200,OK,Thread Group 1-1,text,true,,64610,134,10,10,http://35.223.158.173:30007/user/testing,15224,0,195
1703003793251,14947,GET user/testing,200,OK,Thread Group 1-2,text,true,,64610,134,10,10,http://35.223.158.173:30007/user/testing,14508,0,196
1703003793965,15991,GET user/testing,200,OK,Thread Group 1-3,text,true,,64610,134,10,10,http://35.223.158.173:30007/user/testing,15503,0,234
1703003794475,16228,GET user/testing,200,OK,Thread Group 1-4,text,true,,64610,134,10,10,http://35.223.158.173:30007/user/testing,15760,0,223
1703003796478,17475,GET user/testing,200,OK,Thread Group 1-5,text,true,,64610,134,10,10,http://35.223.158.173:30007/user/testing,17004,0,220
1703003798259,17940,GET user/testing,200,OK,Thread Group 1-6,text,true,,64610,134,10,10,http://35.223.158.173:30007/user/testing,17484,0,188
1703003798747,18452,GET user/testing,200,OK,Thread Group 1-8,text,true,,64610,134,10,10,http://35.223.158.173:30007/user/testing,17978,0,199
1703003799453,18496,GET user/testing,200,OK,Thread Group 1-7,text,true,,64610,134,10,10,http://35.223.158.173:30007/user/testing,18031,0,245
1703003802460,17994,GET user/testing,200,OK,Thread Group 1-9,text,true,,64610,134,10,10,http://35.223.158.173:30007/user/testing,17509,0,240
1703003804733,18219,GET user/testing,200,OK,Thread Group 1-10,text,true,,64610,134,10,10,http://35.223.158.173:30007/user/testing,17757,0,215
1703003806701,17501,GET MAIN PAGE,200,OK,Thread Group 1-1,text,true,,235185,122,10,10,http://35.223.158.173:30007/,16762,0,247
1703003808199,17254,GET MAIN PAGE,200,OK,Thread Group 1-2,text,true,,235185,122,10,10,http://35.223.158.173:30007/,16557,0,249
1703003809956,17249,GET MAIN PAGE,200,OK,Thread Group 1-3,text,true,,235185,122,10,10,http://35.223.158.173:30007/,16529,0,243
1703003810702,17499,GET MAIN PAGE,200,OK,Thread Group 1-4,text,true,,235185,122,10,10,http://35.223.158.173:30007/,16535,0,247
1703003813953,15905,GET MAIN PAGE,200,OK,Thread Group 1-5,text,true,,235185,122,10,10,http://35.223.158.173:30007/,15304,0,244
1703003816198,16007,GET MAIN PAGE,200,OK,Thread Group 1-6,text,true,,235185,122,10,10,http://35.223.158.173:30007/,15286,0,250
